id;nome;email;senha
1;pish;Murilo.Franco72@gmail.com;bleakXXX
2;pants;Victor.Reis@hotmail.com;whatXXXX
3;oddball including;Isadora_Costa31@yahoo.com;igniteXX
4;crowded consistency whopping;Marina24@bol.com.br;monthly wherever
5;midst;Paula57@bol.com.br;frank untimely
6;readily nutritious;Larissa_Macedo57@bol.com.br;memorable
7;till phooey exempt;Isis_Macedo35@live.com;vice ravioli tomb
8;seriously or from;Enzo93@gmail.com;gah athletic misjudge
9;a even;Laura.Macedo2@gmail.com;volleyball
10;continually or;Nubia.Batista2@bol.com.br;brr brief
